ym,date,n_universe,top50_ff_mcap,total_ff_mcap,top10_ff_mcap,weight_top10_of_top50,weight_top10_of_total,rho_top50_over_total,top10
2016-07,2016-07-29,65,146367315219.92194,147631687674.1792,91019357057.69481,0.6218557532529383,0.6165299502541289,0.9914356296119319,"AKBNK,GARAN,BIMAS,SAHOL,TCELL,TUPRS,EREGL,KCHOL,ISCTR,EKGYO"
2016-08,2016-08-31,65,147619866335.02414,148904834069.80087,90819536976.37198,0.6152257093246278,0.6099166460492429,0.9913705438590772,"AKBNK,GARAN,BIMAS,SAHOL,TCELL,EREGL,KCHOL,TUPRS,ISCTR,EKGYO"
2016-09,2016-09-30,65,148323026664.21832,149691202330.14438,91301655406.48106,0.6155595490454404,0.6099333426764454,0.9908600128489279,"AKBNK,GARAN,BIMAS,SAHOL,TCELL,KCHOL,TUPRS,EREGL,ISCTR,EKGYO"
2016-10,2016-10-31,65,152715904354.2115,154130290616.3694,94524534709.8667,0.6189567164571486,0.6132768213948189,0.9908234373885773,"AKBNK,GARAN,BIMAS,SAHOL,TUPRS,TCELL,KCHOL,EREGL,ISCTR,EKGYO"
2016-11,2016-11-30,65,143855519790.83307,145232738856.13803,89587006151.71721,0.6227568207461024,0.6168513164270671,0.9905171583476837,"AKBNK,GARAN,BIMAS,TUPRS,EREGL,SAHOL,TCELL,KCHOL,ISCTR,EKGYO"
2016-12,2016-12-30,65,151700483813.82718,153214768739.5555,94311791592.99626,0.6216973685379897,0.6155528763243028,0.9901165864218846,"AKBNK,GARAN,BIMAS,TUPRS,EREGL,SAHOL,KCHOL,TCELL,ISCTR,EKGYO"
2017-01,2017-01-31,65,168139620270.92694,169803793776.87802,105229546690.90807,0.6258462254247361,0.6197125773831623,0.9901994327162219,"AKBNK,GARAN,TUPRS,BIMAS,EREGL,SAHOL,TCELL,KCHOL,ISCTR,HALKB"
2017-02,2017-02-28,65,170582406394.1686,172262488668.10458,107620877740.93344,0.6309025650174699,0.6247493495132588,0.9902469638809587,"AKBNK,GARAN,TUPRS,EREGL,BIMAS,TCELL,SAHOL,ISCTR,KCHOL,HALKB"
2017-03,2017-03-31,65,173054548617.25516,174682032050.94116,109125749477.97778,0.6305858490858351,0.6247107856299399,0.9906831663533008,"GARAN,AKBNK,TUPRS,BIMAS,EREGL,ISCTR,TCELL,SAHOL,KCHOL,HALKB"
2017-04,2017-04-28,65,184739425106.41412,186407573122.46176,116972776062.9143,0.6331771141733028,0.6275108575447641,0.9910510716485121,"AKBNK,GARAN,TUPRS,EREGL,BIMAS,ISCTR,TCELL,SAHOL,KCHOL,HALKB"
2017-05,2017-05-31,65,193773560876.35968,195653604136.84943,122219767679.813,0.6307350039244893,0.6246742461964907,0.9903909602443369,"AKBNK,GARAN,TCELL,TUPRS,BIMAS,EREGL,ISCTR,SAHOL,KCHOL,HALKB"
2017-06,2017-06-30,66,200973640854.4615,203224183074.8823,126038156416.40521,0.6271377474207073,0.6201927079217918,0.9889258148987538,"AKBNK,GARAN,TCELL,TUPRS,BIMAS,EREGL,ISCTR,SAHOL,KCHOL,HALKB"
2017-07,2017-07-31,66,214998693501.1367,217528940385.5528,134483206335.99739,0.625507086326952,0.6182313309559481,0.9883682287058841,"AKBNK,GARAN,TCELL,TUPRS,EREGL,BIMAS,ISCTR,SAHOL,HALKB,KCHOL"
2017-08,2017-08-31,66,220733105730.3375,223410418206.13556,138644251883.61636,0.628108101070229,0.6205809603547341,0.9880161699830499,"GARAN,AKBNK,TUPRS,TCELL,BIMAS,EREGL,ISCTR,KCHOL,SAHOL,HALKB"
2017-09,2017-09-29,66,206000574892.47726,208608596465.76428,129178352756.2599,0.6270776323011963,0.6192379170599518,0.9874980148590615,"AKBNK,GARAN,TUPRS,TCELL,BIMAS,EREGL,ISCTR,KCHOL,SAHOL,HALKB"
2017-10,2017-10-31,66,220441298686.66287,223294372096.3279,138961257466.99072,0.6303776029940353,0.6223231520006408,0.9872228154123193,"GARAN,AKBNK,TUPRS,TCELL,EREGL,BIMAS,ISCTR,SAHOL,KCHOL,THYAO"
2017-11,2017-11-30,66,209067889102.52725,211774762977.75177,132381932373.69504,0.6332006935257988,0.6251072153843117,0.9872181470673685,"GARAN,AKBNK,TCELL,TUPRS,EREGL,BIMAS,KCHOL,SAHOL,ISCTR,THYAO"
2017-12,2017-12-29,66,232620035609.08383,235590279899.37756,145598384105.73956,0.625906464696861,0.6180152431073377,0.9873923309078696,"GARAN,AKBNK,EREGL,TCELL,TUPRS,BIMAS,THYAO,KCHOL,SAHOL,ISCTR"
2018-01,2018-01-31,66,241241394067.98206,244409648648.41568,151991258947.21597,0.6300380560078537,0.6218709440798552,0.9870371133138398,"GARAN,AKBNK,TCELL,EREGL,TUPRS,BIMAS,THYAO,ISCTR,SAHOL,KCHOL"
2018-02,2018-02-28,68,242811781302.0427,246769997313.54288,152861031491.25644,0.6295453650212585,0.6194473929382636,0.9839598976593944,"GARAN,AKBNK,EREGL,TCELL,TUPRS,BIMAS,THYAO,ISCTR,KCHOL,SAHOL"
2018-03,2018-03-30,68,234036306446.90268,237987125343.27017,143944555452.28125,0.6150522439771064,0.6048417755567959,0.9833990225703644,"GARAN,AKBNK,EREGL,TCELL,TUPRS,THYAO,BIMAS,ISCTR,SAHOL,KCHOL"
2018-04,2018-04-30,68,212838870704.93234,216555436157.8977,129955799460.03304,0.6105830153562332,0.6001040738837791,0.9828378104059439,"GARAN,AKBNK,EREGL,TCELL,TUPRS,BIMAS,THYAO,SAHOL,ISCTR,KCHOL"
2018-05,2018-05-31,69,208685178101.16187,212337117739.68106,128073721696.37782,0.6137173845393707,0.6031621934954978,0.98280121875349,"EREGL,GARAN,AKBNK,TUPRS,TCELL,BIMAS,THYAO,SAHOL,ISCTR,KCHOL"
2018-06,2018-06-29,69,203049164607.60138,206725771134.73373,121429895885.23059,0.5980319895425205,0.5873960233341615,0.9822150547222478,"EREGL,GARAN,AKBNK,TUPRS,TCELL,BIMAS,THYAO,ISCTR,KCHOL,SAHOL"
2018-07,2018-07-31,69,206790981511.5638,210559733640.52786,125586933533.4084,0.6073133973997098,0.5964432579868909,0.9821012685388454,"EREGL,GARAN,AKBNK,TCELL,BIMAS,TUPRS,THYAO,KCHOL,SAHOL,ASELS"
2018-08,2018-08-31,69,197607684396.04318,200924470222.41455,119116975372.98097,0.602795259390055,0.592844541240416,0.9834923749073479,"EREGL,TUPRS,BIMAS,GARAN,TCELL,AKBNK,THYAO,KCHOL,ASELS,SAHOL"
2018-09,2018-09-28,69,215297108994.38095,218635588600.29608,133653674446.75012,0.6207871302639664,0.6113079544935949,0.9847303925802379,"EREGL,BIMAS,TUPRS,GARAN,AKBNK,THYAO,TCELL,KCHOL,ASELS,SAHOL"
2018-10,2018-10-31,69,194794086705.93845,197774678352.6352,121762858249.7772,0.6250849823464645,0.6156645494964336,0.9849293566217698,"BIMAS,TUPRS,EREGL,GARAN,AKBNK,TCELL,KCHOL,THYAO,ASELS,SAHOL"
2018-11,2018-11-30,69,206313499757.20807,209457675689.94843,129131560848.02989,0.6258997157238537,0.6165043148821054,0.984988967712052,"GARAN,BIMAS,TUPRS,AKBNK,TCELL,EREGL,THYAO,KCHOL,SAHOL,ASELS"
2018-12,2018-12-31,69,197652429193.52258,200966353648.6922,122427952897.03168,0.619410312317294,0.6091962692971336,0.9835100533248333,"BIMAS,GARAN,TUPRS,AKBNK,TCELL,EREGL,THYAO,KCHOL,SAHOL,ASELS"
2019-01,2019-01-31,69,227814738446.32693,231638319027.53265,141644065322.90787,0.6217511048183529,0.6114880556790432,0.9834933157982758,"GARAN,BIMAS,AKBNK,TUPRS,TCELL,EREGL,KCHOL,THYAO,SAHOL,ISCTR"
2019-02,2019-02-28,69,227996889117.3879,231961421568.0323,141525424728.54922,0.6207340164877537,0.6101248378797378,0.9829086560004479,"GARAN,BIMAS,AKBNK,TUPRS,EREGL,TCELL,KCHOL,THYAO,SAHOL,ISCTR"
2019-03,2019-03-29,69,203851159250.55737,207326713253.54666,127702252807.15016,0.6264484993690366,0.615946931310192,0.9832363425414509,"GARAN,AKBNK,BIMAS,TUPRS,EREGL,TCELL,KCHOL,THYAO,ISCTR,SAHOL"
2019-04,2019-04-30,69,207616783141.54654,211199670546.848,129447138620.04181,0.6234907248889838,0.612913544253508,0.9830355445345891,"GARAN,BIMAS,AKBNK,EREGL,TUPRS,TCELL,KCHOL,THYAO,SAHOL,ISCTR"
2019-05,2019-05-31,69,198169127516.2901,201476510618.80008,123178818332.9908,0.6215842996173313,0.6113805423504133,0.9835842744528782,"GARAN,BIMAS,TUPRS,AKBNK,TCELL,EREGL,KCHOL,THYAO,SAHOL,ISCTR"
2019-06,2019-06-28,69,211775606207.3791,215316369745.0252,131319634954.0131,0.6200885801050179,0.609891552182122,0.9835555302096212,"GARAN,AKBNK,BIMAS,TUPRS,TCELL,EREGL,KCHOL,THYAO,SAHOL,ISCTR"
2019-07,2019-07-31,69,225031105756.72656,228825904674.3977,142490041536.6112,0.633201534772052,0.622700658561206,0.9834162180061262,"GARAN,AKBNK,BIMAS,TUPRS,TCELL,KCHOL,EREGL,SAHOL,ISCTR,THYAO"
2019-08,2019-08-29,69,212794315233.1376,216806566360.6871,131695899327.75888,0.6188882404281936,0.6074350124094715,0.9814938671143633,"BIMAS,GARAN,AKBNK,TUPRS,TCELL,KCHOL,EREGL,SAHOL,THYAO,ISCTR"
2019-09,2019-09-30,69,229786636220.1377,234607331129.8201,144851268036.1848,0.630372899046296,0.6174200411326076,0.9794520704597468,"GARAN,AKBNK,BIMAS,TUPRS,TCELL,KCHOL,EREGL,SAHOL,ISCTR,THYAO"
2019-10,2019-10-31,69,214830564843.65704,219713443603.4679,132980279301.94765,0.6190007432076718,0.6052441631288907,0.977776149334661,"BIMAS,GARAN,AKBNK,TUPRS,TCELL,KCHOL,EREGL,ISCTR,SAHOL,THYAO"
2019-11,2019-11-29,69,232353792647.95517,237857520816.3175,143577580378.19662,0.6179265625146669,0.603628507879188,0.9768612396636702,"GARAN,AKBNK,BIMAS,TUPRS,TCELL,KCHOL,EREGL,THYAO,SAHOL,ISCTR"
2019-12,2019-12-31,69,247914288260.6851,254234578520.63992,151107342119.30566,0.6095144542875816,0.5943618802705002,0.9751399266900206,"GARAN,AKBNK,BIMAS,TUPRS,EREGL,TCELL,KCHOL,THYAO,SAHOL,ISCTR"
2020-01,2020-01-31,69,257209564239.90234,264476085172.32657,153406848008.89252,0.5964274635829956,0.5800405277056946,0.972524846896121,"GARAN,AKBNK,BIMAS,EREGL,TCELL,TUPRS,KCHOL,ISCTR,SAHOL,THYAO"
2020-02,2020-02-28,69,231729633191.25598,238059509464.7012,134439396985.25783,0.5801562585407429,0.5647302108937267,0.9734105296290052,"GARAN,BIMAS,AKBNK,TCELL,EREGL,TUPRS,KCHOL,ISCTR,SAHOL,ASELS"
2020-03,2020-03-31,69,197214246981.71344,202343082804.66693,117452940752.74821,0.5955601207839663,0.5804643238836689,0.9746527741306351,"BIMAS,GARAN,AKBNK,TCELL,EREGL,TUPRS,KCHOL,SAHOL,ISCTR,ASELS"
2020-04,2020-04-30,69,220428711963.4703,227031851849.6775,128846305083.9164,0.5845259627759788,0.5675252350459979,0.9709153590898811,"BIMAS,GARAN,AKBNK,TCELL,EREGL,TUPRS,KCHOL,ASELS,SAHOL,THYAO"
2020-05,2020-05-29,69,231549735082.23703,239192038051.7636,133846269751.37405,0.5780454454151602,0.5595766098301664,0.9680495093742514,"BIMAS,GARAN,TCELL,AKBNK,EREGL,KCHOL,TUPRS,ASELS,THYAO,SAHOL"
2020-06,2020-06-30,69,253985506412.8523,263103556250.523,143976953376.91507,0.5668707455412089,0.5472254173555241,0.9653442546820284,"BIMAS,GARAN,TCELL,AKBNK,EREGL,KCHOL,TUPRS,ASELS,SAHOL,THYAO"
2020-07,2020-07-30,69,242404220291.0266,252329840897.25665,133519951638.79474,0.5508152930608751,0.5291484794823028,0.9606641031003877,"BIMAS,TCELL,GARAN,AKBNK,EREGL,KCHOL,ASELS,TUPRS,SAHOL,THYAO"
2020-08,2020-08-31,69,232957783204.76044,243072537762.91156,129153609324.29355,0.554407788173245,0.5313377254088143,0.9583879172396806,"BIMAS,TCELL,EREGL,GARAN,AKBNK,KCHOL,TUPRS,ASELS,SAHOL,ISCTR"
2020-09,2020-09-30,69,247338398306.43567,259050168166.2595,136354447512.11592,0.551287015868769,0.5263630920501973,0.9547895685892505,"BIMAS,TCELL,EREGL,GARAN,AKBNK,ASELS,KCHOL,TUPRS,SAHOL,ISCTR"
2020-10,2020-10-30,70,242469428460.46277,255010739145.50858,131366288946.48854,0.5417849573061093,0.5151402226693332,0.9508204606320922,"BIMAS,EREGL,TCELL,GARAN,AKBNK,ASELS,KCHOL,SISE,TUPRS,SAHOL"
2020-11,2020-11-30,70,280108268233.2789,294353252696.97595,150632913681.9796,0.5377667522349965,0.5117419709203952,0.9516058194255401,"BIMAS,GARAN,EREGL,TCELL,AKBNK,KCHOL,TUPRS,SISE,ASELS,ISCTR"
2020-12,2020-12-31,70,325691379998.7723,341904295925.35724,175763768237.88306,0.539663555844019,0.5140730032718129,0.9525805433865491,"BIMAS,EREGL,GARAN,TCELL,AKBNK,KCHOL,TUPRS,SAHOL,SISE,ASELS"
2021-01,2021-01-29,70,320706601496.6319,339271599992.93774,166194239983.85104,0.5182127190655801,0.48985603271040234,0.9452798333350263,"BIMAS,EREGL,GARAN,TCELL,AKBNK,KCHOL,TUPRS,SISE,SAHOL,ASELS"
2021-02,2021-02-26,70,322104876335.527,340581010188.3188,164208596843.14673,0.5097985436025985,0.4821425503211416,0.9457511332103462,"BIMAS,EREGL,TCELL,GARAN,AKBNK,KCHOL,TUPRS,FROTO,SISE,SAHOL"
2021-03,2021-03-31,70,303127063348.5268,320643495218.4532,154736738388.59702,0.5104682395536725,0.4825818726906512,0.9453710050846579,"BIMAS,EREGL,TCELL,GARAN,KCHOL,AKBNK,FROTO,TUPRS,SISE,THYAO"
2021-04,2021-04-30,72,307593202533.9049,324275132173.51746,158291743842.679,0.5146139203945219,0.4881402492435903,0.948556247505633,"EREGL,BIMAS,TCELL,GARAN,AKBNK,KCHOL,SISE,FROTO,TUPRS,ASELS"
2021-05,2021-05-31,72,315102136583.99945,332228866588.2919,163879452545.0045,0.5200835967715431,0.49327276773962236,0.9484490008945659,"EREGL,BIMAS,TCELL,GARAN,AKBNK,KCHOL,TUPRS,SISE,FROTO,THYAO"
2021-06,2021-06-30,72,304959190648.1089,321018588823.42035,161308106400.3704,0.52894981147331,0.5024883667690023,0.9499736191783427,"EREGL,BIMAS,TCELL,GARAN,AKBNK,KCHOL,TUPRS,SISE,FROTO,THYAO"
2021-07,2021-07-30,72,312471190979.9386,329178666120.802,166350332093.87714,0.5323701412990653,0.5053496754641744,0.9492449637221262,"EREGL,BIMAS,TCELL,GARAN,AKBNK,KCHOL,TUPRS,SISE,FROTO,SAHOL"
2021-08,2021-08-31,74,332640263643.2084,352398757964.1659,179089374424.63284,0.5383875435377992,0.5082009240306227,0.9439314303061003,"EREGL,BIMAS,GARAN,TCELL,AKBNK,KCHOL,SISE,TUPRS,FROTO,SAHOL"
2021-09,2021-09-30,75,317789708958.203,337811501150.5584,167410232892.84036,0.5267956392976175,0.4955729225400993,0.940730874691469,"EREGL,BIMAS,GARAN,TCELL,KCHOL,TUPRS,AKBNK,SISE,FROTO,SAHOL"
2021-10,2021-10-28,75,344851214830.2249,365405718998.3764,181226446927.4658,0.5255206858316741,0.49595952527571424,0.943748816453957,"EREGL,BIMAS,GARAN,TCELL,TUPRS,KCHOL,AKBNK,SISE,FROTO,SAHOL"
2021-11,2021-11-30,76,410314118729.11993,433340232573.23047,214484165056.22263,0.522731622593324,0.494955577474512,0.9468636602067191,"EREGL,BIMAS,GARAN,TCELL,KCHOL,SISE,TUPRS,AKBNK,FROTO,SAHOL"
2021-12,2021-12-31,77,423862203711.7863,447210188676.03394,223371497392.26974,0.5269908367299381,0.4994776573708242,0.9477919207669008,"EREGL,BIMAS,GARAN,TCELL,SISE,AKBNK,KCHOL,TUPRS,FROTO,THYAO"
2022-01,2022-01-31,77,459698979046.3034,484394677233.5112,241521074538.89746,0.5253896257067173,0.4986038986189517,0.9490174038900456,"EREGL,BIMAS,GARAN,TCELL,KCHOL,AKBNK,TUPRS,SISE,THYAO,FROTO"
2022-02,2022-02-28,78,448906300659.35443,471791527186.686,245900892577.94394,0.54777777058768,0.5212066737278264,0.9514929259883127,"EREGL,BIMAS,TCELL,TUPRS,GARAN,KCHOL,AKBNK,SISE,THYAO,FROTO"
2022-03,2022-03-31,79,512836120129.56476,539035789254.725,277191890307.87964,0.5405077361513633,0.5142365234989819,0.951395306865646,"EREGL,BIMAS,TCELL,KCHOL,TUPRS,GARAN,SISE,THYAO,AKBNK,FROTO"
2022-04,2022-04-29,79,556024754654.5588,585858222225.0168,302636222316.24634,0.5442855192738045,0.5165690449250188,0.9490773254710769,"EREGL,BIMAS,GARAN,THYAO,TUPRS,SISE,KCHOL,TCELL,AKBNK,SAHOL"
2022-05,2022-05-31,79,582445920635.4923,613321137972.8464,314700145688.2082,0.5403079230855401,0.5131082661333953,0.949658970764642,"EREGL,THYAO,BIMAS,TUPRS,SISE,GARAN,KCHOL,TCELL,AKBNK,SAHOL"
2022-06,2022-06-30,80,545831973769.7975,577191044073.1437,288835344097.6274,0.5291653072332523,0.5004154985832129,0.9456695133693511,"EREGL,BIMAS,THYAO,TUPRS,SISE,GARAN,KCHOL,AKBNK,TCELL,SAHOL"
2022-07,2022-07-29,81,585310777838.2483,622974339189.4141,302602932263.59357,0.516995318933318,0.4857389995506505,0.9395423551471287,"EREGL,BIMAS,THYAO,TUPRS,SISE,GARAN,KCHOL,AKBNK,TCELL,SAHOL"
2022-08,2022-08-31,81,731986170999.0679,778838787013.7427,387109309153.49347,0.5288478450694479,0.49703393771356036,0.9398429857425064,"THYAO,GARAN,EREGL,BIMAS,TUPRS,SISE,AKBNK,KCHOL,ISCTR,TCELL"
2022-09,2022-09-30,81,738792227088.479,787920713070.2147,379084742084.80194,0.5131141452025619,0.48112041706285263,0.9376479318708332,"THYAO,EREGL,BIMAS,GARAN,TUPRS,SISE,KCHOL,SASA,AKBNK,SAHOL"
2022-10,2022-10-31,81,883722010846.086,948049773588.9482,470096088631.69366,0.5319501866674318,0.4958559157206403,0.9321472727119144,"THYAO,SASA,BIMAS,SISE,EREGL,TUPRS,AKBNK,KCHOL,SAHOL,ISCTR"
2022-11,2022-11-30,81,1102638325158.189,1189175386888.753,567891277310.997,0.5150295109046976,0.477550480418851,0.9272293534791606,"THYAO,EREGL,SASA,TUPRS,SISE,BIMAS,KCHOL,AKBNK,SAHOL,TCELL"
2022-12,2022-12-30,81,1231524568727.6392,1326306273502.0747,607382592010.0304,0.4931956758585444,0.45795047806435657,0.9285370908152556,"THYAO,EREGL,TUPRS,SISE,BIMAS,KCHOL,SASA,AKBNK,SAHOL,TCELL"
2023-01,2023-01-31,82,1127641280064.7375,1217453887368.0586,577129732354.3363,0.5118025941026241,0.4740464820413025,0.9262291506600865,"THYAO,TUPRS,EREGL,SISE,SASA,BIMAS,KCHOL,AKBNK,TCELL,SAHOL"
2023-02,2023-02-28,82,1192678843274.2808,1281782998027.4792,614668506975.0154,0.5153679973793749,0.4795417850922672,0.9304842123118189,"THYAO,TUPRS,EREGL,SISE,SASA,BIMAS,KCHOL,AKBNK,SAHOL,ISCTR"
2023-03,2023-03-31,82,1108728761463.5327,1192671020977.4648,567694212210.1606,0.5120226262199591,0.4759855838074287,0.9296182618362469,"THYAO,TUPRS,SISE,BIMAS,EREGL,SASA,KCHOL,AKBNK,ISCTR,SAHOL"
2023-04,2023-04-28,85,1061738956042.4875,1152094917522.462,547940241030.8181,0.5160781168595374,0.4756033836249739,0.921572467592964,"THYAO,BIMAS,TUPRS,SISE,EREGL,SASA,KCHOL,AKBNK,SAHOL,TCELL"
2023-05,2023-05-31,86,1123451164298.1206,1225335177514.4138,573782291214.9435,0.5107318497225606,0.4682655829557248,0.9168521274130361,"THYAO,SASA,SISE,TUPRS,BIMAS,EREGL,KCHOL,AKBNK,TCELL,SAHOL"
2023-06,2023-06-27,88,1339483830273.8162,1459380093838.315,695270148833.6029,0.5190582619362238,0.47641471318481066,0.9178443888122664,"THYAO,SASA,TUPRS,BIMAS,KCHOL,SISE,EREGL,AKBNK,FROTO,SAHOL"
2023-07,2023-07-31,88,1663813843020.841,1820695749606.986,858305484817.085,0.5158662962310344,0.47141620723965444,0.9138340897319008,"THYAO,TUPRS,KCHOL,BIMAS,SISE,SASA,AKBNK,EREGL,TCELL,SAHOL"
2023-08,2023-08-31,90,1828229248883.747,2030989465181.5928,924584647363.8535,0.5057268654510219,0.45523852448007923,0.9001667808849433,"THYAO,TUPRS,BIMAS,KCHOL,AKBNK,SISE,EREGL,ISCTR,SASA,TCELL"
2023-09,2023-09-29,91,1922565508918.215,2162347923055.217,982744973927.742,0.511163322845998,0.45448050401584095,0.8891101604971093,"THYAO,TUPRS,BIMAS,KCHOL,AKBNK,ISCTR,SISE,EREGL,SASA,TCELL"
2023-10,2023-10-31,91,1741730447061.9624,1964155898987.3315,879049712875.8582,0.5046990562510306,0.4475457947757984,0.8867577405438917,"THYAO,TUPRS,BIMAS,KCHOL,AKBNK,SISE,ISCTR,EREGL,SASA,TCELL"
2023-11,2023-11-30,91,1862129775716.9392,2088428587647.334,970189653051.5515,0.5210107618186914,0.46455486138718965,0.8916415848409134,"THYAO,TUPRS,BIMAS,KCHOL,AKBNK,SISE,ISCTR,TCELL,EREGL,SASA"
2023-12,2023-12-29,91,1768674297389.3538,1965306209201.9211,949665110457.8483,0.5369361175540338,0.4832148323815106,0.8999484605035587,"THYAO,TUPRS,BIMAS,AKBNK,KCHOL,ISCTR,SISE,EREGL,TCELL,YKBNK"
2024-01,2024-01-31,91,2007969797803.3406,2233730769124.2495,1082714204303.7434,0.5392084111465225,0.4847111474979724,0.8989309837866359,"THYAO,BIMAS,TUPRS,AKBNK,KCHOL,ISCTR,TCELL,SAHOL,SISE,EREGL"
2024-02,2024-02-29,92,2177369512795.3818,2431102958938.83,1137781812004.6746,0.5225487935412263,0.4680105413969441,0.89563031659745,"THYAO,BIMAS,TUPRS,AKBNK,KCHOL,ISCTR,SAHOL,TCELL,SISE,EREGL"
2024-03,2024-03-29,94,2189704034987.5051,2441603647915.3003,1200758030268.2102,0.5483654462348662,0.4917907258589846,0.8968302602501135,"THYAO,TUPRS,BIMAS,KCHOL,AKBNK,ISCTR,YKBNK,SAHOL,TCELL,FROTO"
2024-04,2024-04-30,94,2430452811790.3833,2699856289485.107,1368056786558.7588,0.5628814432940935,0.5067146691795447,0.9002156230522544,"THYAO,TUPRS,AKBNK,BIMAS,KCHOL,ISCTR,YKBNK,SAHOL,TCELL,SISE"
2024-05,2024-05-31,95,2561537089404.159,2816555144360.6465,1453428645334.141,0.567404880197235,0.5160306015112894,0.9094574606617987,"THYAO,BIMAS,AKBNK,KCHOL,TUPRS,ISCTR,TCELL,SAHOL,YKBNK,EREGL"
2024-06,2024-06-28,95,2652378093683.6274,2912762174061.943,1474816822187.9834,0.5560356668983626,0.5063292964050349,0.9106057876276246,"BIMAS,THYAO,AKBNK,KCHOL,TUPRS,ISCTR,TCELL,YKBNK,SAHOL,EREGL"
2024-07,2024-07-31,96,2654634597203.6274,2923482870672.53,1473223366565.6333,0.5549627689315569,0.5039274836683846,0.9080383619942143,"BIMAS,THYAO,AKBNK,TUPRS,KCHOL,TCELL,ISCTR,SAHOL,YKBNK,EREGL"
2024-08,2024-08-29,96,2451942929612.992,2709468100653.321,1375193520925.208,0.5608586987553844,0.5075511022232054,0.9049536065849113,"BIMAS,THYAO,AKBNK,TUPRS,KCHOL,TCELL,ISCTR,YKBNK,SAHOL,EREGL"
2024-09,2024-09-30,96,2421174326432.4146,2669469190502.506,1365762740134.147,0.5640910384782536,0.5116233388245448,0.9069871774682847,"BIMAS,THYAO,AKBNK,TUPRS,KCHOL,ISCTR,TCELL,SAHOL,YKBNK,EREGL"
2024-10,2024-10-31,96,2197187606583.534,2444834853328.365,1213232498192.7817,0.5521751963999422,0.49624312928176045,0.8987059406455664,"BIMAS,THYAO,AKBNK,TUPRS,KCHOL,TCELL,ISCTR,SAHOL,YKBNK,EREGL"
2024-11,2024-11-29,96,2402330336060.763,2674128797556.9233,1330123967322.783,0.5536807104987328,0.4974046009070246,0.8983599960688227,"THYAO,BIMAS,AKBNK,KCHOL,TUPRS,ISCTR,TCELL,SAHOL,YKBNK,EREGL"
2024-12,2024-12-31,96,2456889606910.526,2737010571788.128,1351850075046.1123,0.5502282525204819,0.4939148167640907,0.897654408877714,"BIMAS,THYAO,AKBNK,TUPRS,KCHOL,TCELL,ISCTR,SAHOL,YKBNK,ASELS"
2025-01,2025-01-31,97,2517732854402.0947,2803394499943.7456,1425918511778.0493,0.5663502024390403,0.5086399762169265,0.8981015174470154,"BIMAS,THYAO,AKBNK,TCELL,TUPRS,ISCTR,KCHOL,SAHOL,ASELS,YKBNK"
2025-02,2025-02-28,99,2435595738590.4854,2734736843786.772,1382954269353.848,0.5678094469627311,0.505699212886195,0.8906142995528346,"THYAO,BIMAS,AKBNK,ISCTR,TCELL,TUPRS,ASELS,SAHOL,KCHOL,YKBNK"
2025-03,2025-03-28,99,2418401880939.582,2735366570445.7295,1310418100789.9614,0.5418529116760553,0.4790648957066212,0.8841235054450132,"THYAO,BIMAS,AKBNK,ASELS,TUPRS,TCELL,KCHOL,ISCTR,SAHOL,YKBNK"
2025-04,2025-04-30,99,2259027519260.3086,2582736541638.261,1228056946508.807,0.5436219506130316,0.47548672762798927,0.8746643270967854,"THYAO,BIMAS,ASELS,AKBNK,TUPRS,TCELL,KCHOL,ISCTR,SAHOL,EREGL"
2025-05,2025-05-30,99,2270372680736.8257,2601378888817.359,1251998111685.6929,0.5514504831336193,0.48128249101570797,0.8727574020441845,"BIMAS,THYAO,ASELS,AKBNK,TCELL,TUPRS,KCHOL,ISCTR,SAHOL,YKBNK"
2025-06,2025-06-30,99,2537725811469.844,2893096999182.469,1419024464433.9382,0.5591717032708285,0.4904863075226741,0.877165823402034,"BIMAS,THYAO,AKBNK,ASELS,TUPRS,TCELL,ISCTR,YKBNK,KCHOL,SAHOL"
2025-07,2025-07-31,99,2735377306616.3584,3143582222335.2534,1542980491366.653,0.5640832391328524,0.4908350990165699,0.870146575833587,"ASELS,BIMAS,THYAO,AKBNK,TUPRS,KCHOL,ISCTR,TCELL,YKBNK,SAHOL"
2025-08,2025-08-29,99,2880274248142.0557,3329692662346.4873,1578845813897.3093,0.5481581536604567,0.4741716350435393,0.8650270581166133,"THYAO,ASELS,BIMAS,AKBNK,TUPRS,KCHOL,ISCTR,TCELL,YKBNK,SAHOL"
2025-09,2025-09-30,99,2833990341844.0044,3283957387392.136,1588566409263.6106,0.5605405162495972,0.4837353905268322,0.8629802422907014,"ASELS,THYAO,BIMAS,AKBNK,TUPRS,TCELL,KCHOL,ISCTR,YKBNK,EREGL"
2025-10,2025-10-31,99,2799094547716.072,3267955404434.7876,1524167714032.219,0.5445216973023893,0.46639795389002037,0.8565277677649925,"ASELS,BIMAS,THYAO,TUPRS,AKBNK,KCHOL,YKBNK,ISCTR,TCELL,SAHOL"
2025-11,2025-11-28,100,2821676411619.293,3273870835642.712,1498967689480.6519,0.531233022790317,0.4578579194882565,0.8618777445034278,"BIMAS,ASELS,THYAO,AKBNK,TUPRS,YKBNK,KCHOL,ISCTR,SAHOL,TCELL"
2025-12,2025-12-31,100,2947443719782.7007,3411251859456.155,1582814662209.0474,0.5370126837657616,0.46399818231579965,0.8640357971846155,"ASELS,BIMAS,AKBNK,THYAO,TUPRS,YKBNK,ISCTR,KCHOL,KLRHO,SAHOL"
2026-01,2026-01-30,100,3707595735128.5967,4222719523314.003,2050269386342.7915,0.5529916239025123,0.4855329308572533,0.8780113655805547,"ASELS,BIMAS,AKBNK,TUPRS,THYAO,KLRHO,KCHOL,ISCTR,YKBNK,SAHOL"
2026-02,2026-02-27,100,3678577991871.9165,4189374097471.7603,1962733419159.2695,0.5335576474105131,0.4685027819176513,0.8780734081713774,"ASELS,BIMAS,AKBNK,THYAO,TUPRS,YKBNK,ISCTR,KCHOL,DSTKF,SAHOL"
2026-03,2026-03-31,100,3425861873546.534,3917010136255.31,1881396189307.369,0.549174560666015,0.4803143530044569,0.8746114394336704,"ASELS,BIMAS,TUPRS,THYAO,AKBNK,DSTKF,KCHOL,YKBNK,ISCTR,TCELL"
2026-04,2026-04-30,100,3928347823322.205,4463437357725.722,2194636812340.3428,0.5586666229784962,0.491692083129982,0.880117162733933,"ASELS,BIMAS,TUPRS,DSTKF,THYAO,AKBNK,KCHOL,ASTOR,YKBNK,EREGL"
2026-05,2026-05-26,100,3723073559307.877,4265371308175.4414,2035661043336.3987,0.5467689560543708,0.47725295085908354,0.8728603655611079,"ASELS,BIMAS,TUPRS,THYAO,AKBNK,DSTKF,ASTOR,EREGL,KCHOL,YKBNK"
2026-06,2026-06-30,100,3900854047600.5234,4414486780502.651,2176532326402.3738,0.5579630254921208,0.49304311794870637,0.8836483699145559,"ASELS,DSTKF,BIMAS,THYAO,TUPRS,AKBNK,EREGL,YKBNK,KCHOL,ISCTR"
2026-07,2026-07-21,100,3853613604054.865,4365708968428.05,2121695245800.0508,0.5505729073531275,0.4859909950809214,0.8827005262887293,"ASELS,BIMAS,TUPRS,THYAO,AKBNK,DSTKF,EREGL,KCHOL,ASTOR,YKBNK"
